Product ID,Product Name,Category,Sub-Category,SKU,Unit,Qty in Hand,Reorder Level,Reorder Qty,Stock Value (PKR),Sale Price (PKR),Stock Status,1-Jan,2-Jan,3-Jan,4-Jan,5-Jan,6-Jan,7-Jan,8-Jan,9-Jan,10-Jan,11-Jan,12-Jan,13-Jan,14-Jan,15-Jan,16-Jan,17-Jan,18-Jan,19-Jan,20-Jan,21-Jan,22-Jan,23-Jan,24-Jan,25-Jan,26-Jan,27-Jan,28-Jan,29-Jan,30-Jan
PK-1001,Samsung Galaxy A54,Electronics & Appliances,Mobile Phones,SMA54,Unit,138,1,10,10350000,"95,000.00",In Stock,0,0,0,0,0,0,0,1,0,0,0,1,0,0,0,1,1,0,0,0,0,0,0,1,0,0,0,0,0,1
PK-1002,Samsung Galaxy A34,Electronics & Appliances,Mobile Phones,SMA34,Unit,74,2,10,4070000,"68,000.00",In Stock,0,0,0,0,1,0,0,0,0,1,0,0,0,1,0,0,0,0,0,1,0,1,0,0,0,0,0,0,1,0
PK-1003,iPhone 14,Electronics & Appliances,Mobile Phones,IPH14,Unit,7,1,5,1680000,"279,000.00",In Stock,1,0,0,0,0,0,0,0,1,0,0,0,0,1,0,0,0,0,0,0,0,0,0,0,1,0,0,0,0,0
PK-1004,iPhone 13,Electronics & Appliances,Mobile Phones,IPH13,Unit,53,1,5,9805000,"215,000.00",In Stock,0,0,1,0,0,0,1,0,0,0,0,0,1,0,0,1,0,0,0,0,1,0,0,0,0,1,0,1,0,0
PK-1005,Vivo Y36,Electronics & Appliances,Mobile Phones,VIVY36,Unit,65,3,15,2730000,"52,000.00",In Stock,1,0,0,0,0,0,1,0,0,0,0,1,0,0,0,1,1,0,0,1,0,0,0,0,0,0,0,0,0,0
PK-1006,Vivo V27,Electronics & Appliances,Mobile Phones,VIVV27,Unit,12,2,10,780000,"80,000.00",In Stock,0,0,0,0,1,0,0,0,0,0,1,0,0,1,0,0,0,0,0,0,1,0,1,0,0,0,0,0,0,0
PK-1007,Oppo A78,Electronics & Appliances,Mobile Phones,OPPA78,Unit,101,3,15,3838000,"47,000.00",In Stock,0,0,0,0,0,0,0,0,0,0,0,0,0,0,0,0,0,0,0,0,0,1,1,0,0,0,0,0,0,1
PK-1008,Oppo Reno10,Electronics & Appliances,Mobile Phones,OPPR10,Unit,96,1,8,7872000,"99,000.00",In Stock,0,1,0,0,0,0,0,0,0,0,1,0,0,0,0,0,0,0,0,0,0,0,0,0,0,0,0,0,0,0
PK-1009,Realme 11 Pro,Electronics & Appliances,Mobile Phones,RLM11P,Unit,34,3,15,1768000,"65,000.00",In Stock,0,0,0,0,0,1,0,0,0,0,0,0,0,1,0,0,0,0,0,0,0,0,0,0,0,0,0,0,0,0
PK-1010,Xiaomi Redmi 12,Electronics & Appliances,Mobile Phones,XMR12,Unit,20,4,20,680000,"42,000.00",In Stock,1,0,0,0,0,0,0,0,0,0,0,0,0,0,1,0,0,0,0,0,0,0,0,1,0,0,0,0,0,0
PK-1011,Dell Inspiron 15,Electronics & Appliances,Laptops & Computers,DELI15,Unit,118,1,5,13570000,"139,000.00",In Stock,0,0,0,0,0,0,0,1,1,0,0,0,0,0,0,0,0,0,0,1,1,0,0,0,0,0,0,0,0,0
PK-1012,HP Pavilion 14,Electronics & Appliances,Laptops & Computers,HPP14,Unit,1,1,5,108000,"130,000.00",In Stock,0,0,0,0,0,0,0,0,0,0,0,0,0,0,0,0,0,0,0,0,0,0,0,0,0,0,0,0,0,0
PK-1013,Lenovo IdeaPad 3,Electronics & Appliances,Laptops & Computers,LENIP3,Unit,133,1,5,12635000,"115,000.00",In Stock,0,0,0,0,0,1,0,0,0,0,1,0,0,0,0,0,0,0,0,0,0,0,0,0,0,1,0,0,0,1
PK-1014,Asus VivoBook 15,Electronics & Appliances,Laptops & Computers,ASVB15,Unit,62,1,5,6510000,"128,000.00",In Stock,0,0,1,0,0,0,0,0,1,0,0,0,0,0,0,1,0,1,0,0,0,0,0,0,0,0,0,1,0,0
PK-1015,Dell Latitude 5520,Electronics & Appliances,Laptops & Computers,DELL5520,Unit,6,1,3,1050000,"210,000.00",In Stock,0,0,0,0,1,0,0,1,0,0,0,0,1,0,0,0,1,0,0,0,0,0,0,0,0,0,0,0,0,0
PK-1016,HP ProBook 450,Electronics & Appliances,Laptops & Computers,HPPB450,Unit,18,1,3,2790000,"185,000.00",In Stock,0,0,0,0,0,0,0,0,1,0,0,0,0,0,0,0,0,0,0,0,0,0,0,0,0,0,0,0,1,0
PK-1017,Apple MacBook Air M2,Electronics & Appliances,Laptops & Computers,MBAIM2,Unit,40,1,3,11600000,"339,000.00",In Stock,0,1,0,0,0,0,0,1,0,0,0,0,0,0,1,0,0,0,0,0,0,0,0,1,0,0,0,0,0,0
PK-1018,Acer Aspire 7,Electronics & Appliances,Laptops & Computers,ACRA7,Unit,135,2,8,16200000,"145,000.00",In Stock,0,0,0,1,0,0,1,0,0,0,0,0,0,0,0,0,0,0,0,1,0,1,0,0,0,0,0,0,0,0
PK-1019,"Samsung 43"" 4K Smart TV",Electronics & Appliances,Televisions,SMTV43,Unit,102,1,5,7956000,"98,000.00",In Stock,0,0,1,0,0,0,0,0,0,0,0,0,0,0,0,0,0,0,0,0,0,2,0,0,1,0,0,1,0,1
PK-1020,"Samsung 55"" QLED",Electronics & Appliances,Televisions,SMTV55,Unit,89,1,3,13350000,"185,000.00",In Stock,1,0,0,0,0,0,0,0,0,0,0,0,2,0,1,0,0,0,0,0,1,0,0,0,0,0,0,0,0,1
PK-1021,"TCL 40"" Smart TV",Electronics & Appliances,Televisions,TCL40,Unit,137,2,8,5754000,"52,000.00",In Stock,0,0,0,0,0,0,1,1,0,0,0,1,0,0,1,0,1,0,2,0,1,0,0,0,0,1,0,0,0,0
PK-1022,"TCL 50"" 4K TV",Electronics & Appliances,Televisions,TCL50,Unit,17,1,5,1156000,"85,000.00",In Stock,0,1,0,0,0,0,0,1,0,0,0,0,0,0,0,1,1,0,0,0,0,0,2,0,1,0,0,0,0,0
PK-1023,"Haier 32"" LED",Electronics & Appliances,Televisions,HAI32,Unit,102,3,10,2856000,"36,000.00",In Stock,0,0,0,0,1,0,0,1,0,0,0,0,0,0,0,2,0,1,1,1,0,0,0,1,0,0,2,0,1,1
PK-1024,"Haier 43"" Smart TV",Electronics & Appliances,Televisions,HAI43,Unit,6,2,8,330000,"68,000.00",In Stock,0,0,0,1,0,0,0,1,0,0,0,0,0,0,0,0,0,1,0,0,0,0,0,1,0,0,0,0,0,0
PK-1025,"LG 55"" OLED",Electronics & Appliances,Televisions,LGOLED55,Unit,63,1,3,12285000,"239,000.00",In Stock,0,1,0,0,0,0,0,0,0,0,1,0,0,0,0,0,0,1,0,0,0,0,0,0,0,0,0,1,0,0
PK-1026,"Sony Bravia 50""",Electronics & Appliances,Televisions,SONY50,Unit,144,1,3,18000000,"155,000.00",In Stock,1,0,0,1,0,0,0,1,1,0,0,0,0,1,0,0,0,0,0,1,0,0,0,0,1,0,1,0,0,0
PK-1027,Dawlance Inverter AC 1.5T,Electronics & Appliances,Home Appliances,DWAC15,Unit,71,2,5,6745000,"118,000.00",In Stock,0,0,1,0,0,0,0,0,0,1,0,0,0,1,1,0,0,0,0,0,0,0,1,0,0,0,0,0,0,1
PK-1028,Haier Inverter AC 1T,Electronics & Appliances,Home Appliances,HAAC1,Unit,109,2,5,8175000,"94,000.00",In Stock,0,0,0,0,1,0,0,0,0,0,0,0,0,0,0,1,0,1,0,2,0,0,0,0,0,0,0,1,0,2
PK-1029,Orient AC 1.5T,Electronics & Appliances,Home Appliances,ORAC15,Unit,144,2,5,11520000,"99,000.00",In Stock,0,0,0,0,0,0,0,0,0,0,0,0,0,1,0,0,1,0,0,0,0,2,0,0,0,0,0,0,0,2
PK-1030,Dawlance Refrigerator 12CF,Electronics & Appliances,Home Appliances,DWREF12,Unit,24,1,4,1560000,"80,000.00",In Stock,0,0,0,0,0,0,0,1,0,0,0,0,0,0,0,1,0,0,0,0,0,1,0,0,0,1,0,1,0,0
PK-1031,Haier Fridge 14CF,Electronics & Appliances,Home Appliances,HAFR14,Unit,71,1,4,5112000,"90,000.00",In Stock,0,1,0,0,0,0,0,0,1,0,1,0,0,0,0,0,0,0,0,0,0,0,0,0,0,0,0,0,1,0
PK-1032,PEL Refrigerator 16CF,Electronics & Appliances,Home Appliances,PELRF16,Unit,143,1,4,11726000,"102,000.00",In Stock,0,0,0,0,0,0,0,0,1,0,0,0,0,0,0,0,0,0,0,0,0,0,1,0,0,0,1,0,0,1
PK-1033,Dawlance Washing Machine,Electronics & Appliances,Home Appliances,DWWM,Unit,28,2,5,1260000,"56,000.00",In Stock,0,1,0,0,1,0,0,0,1,0,0,1,0,0,0,0,0,0,0,0,0,0,0,0,0,0,0,0,0,0
PK-1034,Haier Front Load 8kg,Electronics & Appliances,Home Appliances,HAFL8,Unit,126,1,4,9450000,"95,000.00",In Stock,0,0,0,0,0,0,1,0,0,0,0,0,0,0,0,0,1,0,1,0,1,0,0,1,0,0,1,0,1,0
PK-1035,National Microwave 30L,Electronics & Appliances,Home Appliances,NATMW,Unit,79,3,8,1738000,"28,000.00",In Stock,0,0,0,0,0,1,0,0,1,0,1,0,0,0,0,1,0,0,0,0,1,0,0,1,0,0,0,1,0,1
PK-1036,Kenwood Blender,Electronics & Appliances,Home Appliances,KENBL,Unit,33,5,15,115500,"5,000.00",In Stock,0,1,0,0,0,0,0,0,2,0,1,0,0,1,1,0,0,1,0,0,0,2,0,0,0,0,0,1,0,0
PK-1037,Basmati Rice 25kg,Grocery & Food Items,Staple Foods,BSRC25,Unit,79,10,50,300200,"4,800.00",In Stock,15,17,18,13,16,0,0,0,0,0,0,0,0,0,0,0,0,0,0,0,0,0,0,0,0,0,0,0,0,0
PK-1038,Basmati Rice 5kg,Grocery & Food Items,Staple Foods,BSRC5,Unit,79,20,100,63200,"1,050.00",In Stock,8,19,21,14,17,0,0,0,0,0,0,0,0,0,0,0,0,0,0,0,0,0,0,0,0,0,0,0,0,0
PK-1039,Wheat Flour Atta 10kg,Grocery & Food Items,Staple Foods,ATTA10,Unit,64,15,75,70400,"1,400.00",In Stock,11,9,21,23,0,0,0,0,0,0,0,0,0,0,0,0,0,0,0,0,0,0,0,0,0,0,0,0,0,0
PK-1040,Wheat Flour Atta 5kg,Grocery & Food Items,Staple Foods,ATTA5,Unit,129,25,100,74820,750,In Stock,14,13,10,27,15,14,14,20,2,0,0,0,0,0,0,0,0,0,0,0,0,0,0,0,0,0,0,0,0,0
PK-1041,Sugar 5kg,Grocery & Food Items,Staple Foods,SUGR5,Unit,20,20,100,12000,780,In Stock,9,11,0,0,0,0,0,0,0,0,0,0,0,0,0,0,0,0,0,0,0,0,0,0,0,0,0,0,0,0
PK-1042,Sugar 1kg,Grocery & Food Items,Staple Foods,SUGR1,Unit,35,30,150,4375,165,In Stock,11,19,5,0,0,0,0,0,0,0,0,0,0,0,0,0,0,0,0,0,0,0,0,0,0,0,0,0,0,0
PK-1043,Dalda Cooking Oil 5L,Grocery & Food Items,Staple Foods,DLDO5,Unit,62,15,60,124000,"2,550.00",In Stock,8,6,25,23,0,0,0,0,0,0,0,0,0,0,0,0,0,0,0,0,0,0,0,0,0,0,0,0,0,0
PK-1044,Dalda Cooking Oil 1L,Grocery & Food Items,Staple Foods,DLDO1,Unit,80,30,120,34400,560,In Stock,17,16,15,8,24,0,0,0,0,0,0,0,0,0,0,0,0,0,0,0,0,0,0,0,0,0,0,0,0,0
PK-1045,Sufi Cooking Oil 5L,Grocery & Food Items,Staple Foods,SUFO5,Unit,30,15,60,57000,"2,450.00",In Stock,17,13,0,0,0,0,0,0,0,0,0,0,0,0,0,0,0,0,0,0,0,0,0,0,0,0,0,0,0,0
PK-1046,Canola Oil 3L,Grocery & Food Items,Staple Foods,CNLO3,Unit,7,20,80,7700,"1,450.00",Low Stock,7,0,0,0,0,0,0,0,0,0,0,0,0,0,0,0,0,0,0,0,0,0,0,0,0,0,0,0,0,0
PK-1047,National Biryani Masala 50g,Grocery & Food Items,Spices & Condiments,NBRM50,Unit,104,20,80,6760,95,In Stock,5,13,7,17,27,6,16,13,0,0,0,0,0,0,0,0,0,0,0,0,0,0,0,0,0,0,0,0,0,0
PK-1048,Shan Biryani Mix 60g,Grocery & Food Items,Spices & Condiments,SHBM60,Unit,129,20,80,9030,100,In Stock,12,17,10,28,14,7,18,11,12,0,0,0,0,0,0,0,0,0,0,0,0,0,0,0,0,0,0,0,0,0
PK-1049,Shan Karahi Masala 100g,Grocery & Food Items,Spices & Condiments,SHKR100,Unit,77,20,80,7315,135,In Stock,13,20,8,27,9,0,0,0,0,0,0,0,0,0,0,0,0,0,0,0,0,0,0,0,0,0,0,0,0,0
PK-1050,Mehran Nihari Masala,Grocery & Food Items,Spices & Condiments,MEHNM,Unit,45,20,80,3375,110,In Stock,16,19,10,0,0,0,0,0,0,0,0,0,0,0,0,0,0,0,0,0,0,0,0,0,0,0,0,0,0,0
PK-1051,Turmeric Powder 200g,Grocery & Food Items,Spices & Condiments,TURMRIC,Unit,134,25,100,7370,80,In Stock,9,17,14,11,11,20,8,6,8,21,9,0,0,0,0,0,0,0,0,0,0,0,0,0,0,0,0,0,0,0
PK-1052,Red Chilli Powder 200g,Grocery & Food Items,Spices & Condiments,RCHILLI,Unit,47,25,100,3055,90,In Stock,5,16,14,7,5,0,0,0,0,0,0,0,0,0,0,0,0,0,0,0,0,0,0,0,0,0,0,0,0,0
PK-1053,Garam Masala 100g,Grocery & Food Items,Spices & Condiments,GRAMM,Unit,120,25,100,9000,105,In Stock,10,5,14,20,17,15,6,6,18,9,0,0,0,0,0,0,0,0,0,0,0,0,0,0,0,0,0,0,0,0
PK-1054,Cumin Seeds 100g,Grocery & Food Items,Spices & Condiments,CUMN100,Unit,84,30,100,4200,72,In Stock,19,17,22,11,15,0,0,0,0,0,0,0,0,0,0,0,0,0,0,0,0,0,0,0,0,0,0,0,0,0
PK-1055,Black Pepper 50g,Grocery & Food Items,Spices & Condiments,BLKP50,Unit,131,30,100,9170,100,In Stock,7,8,24,22,15,17,15,5,10,8,0,0,0,0,0,0,0,0,0,0,0,0,0,0,0,0,0,0,0,0
PK-1056,Coriander Powder 200g,Grocery & Food Items,Spices & Condiments,CORP200,Unit,115,25,100,6670,84,In Stock,19,20,10,21,20,11,14,0,0,0,0,0,0,0,0,0,0,0,0,0,0,0,0,0,0,0,0,0,0,0
PK-1057,Nescafé Classic 200g,Grocery & Food Items,Beverages,NESCF200,Unit,85,10,40,114750,"1,750.00",In Stock,6,18,8,24,11,5,7,6,0,0,0,0,0,0,0,0,0,0,0,0,0,0,0,0,0,0,0,0,0,0
PK-1058,Tapal Danedar 500g,Grocery & Food Items,Beverages,TAPDN500,Unit,133,15,60,77140,780,In Stock,13,11,27,15,24,17,15,8,3,0,0,0,0,0,0,0,0,0,0,0,0,0,0,0,0,0,0,0,0,0
PK-1059,Lipton Yellow Label 200g,Grocery & Food Items,Beverages,LIPYL200,Unit,86,15,60,55900,870,In Stock,6,19,25,11,14,11,0,0,0,0,0,0,0,0,0,0,0,0,0,0,0,0,0,0,0,0,0,0,0,0
PK-1060,Tang Mango 500g,Grocery & Food Items,Beverages,TNGMNG,Unit,17,15,60,5950,480,In Stock,15,2,0,0,0,0,0,0,0,0,0,0,0,0,0,0,0,0,0,0,0,0,0,0,0,0,0,0,0,0
PK-1061,Rooh Afza 800ml,Grocery & Food Items,Beverages,RFAHZA,Unit,5,10,40,2400,630,Low Stock,5,0,0,0,0,0,0,0,0,0,0,0,0,0,0,0,0,0,0,0,0,0,0,0,0,0,0,0,0,0
PK-1062,Pepsi 1.5L,Grocery & Food Items,Beverages,PEPSI15,Unit,26,30,120,3120,165,Low Stock,18,8,0,0,0,0,0,0,0,0,0,0,0,0,0,0,0,0,0,0,0,0,0,0,0,0,0,0,0,0
PK-1063,Coca-Cola 1.5L,Grocery & Food Items,Beverages,COKE15,Unit,121,30,120,14520,165,In Stock,12,16,24,13,27,20,9,0,0,0,0,0,0,0,0,0,0,0,0,0,0,0,0,0,0,0,0,0,0,0
PK-1064,Minute Maid 1L,Grocery & Food Items,Beverages,MNJCE1L,Unit,124,20,80,18600,210,In Stock,15,8,14,10,18,9,7,15,5,20,3,0,0,0,0,0,0,0,0,0,0,0,0,0,0,0,0,0,0,0
PK-1065,Olper Milk 1L,Grocery & Food Items,Beverages,OLPRMK,Unit,66,40,200,11880,240,In Stock,10,19,8,24,5,0,0,0,0,0,0,0,0,0,0,0,0,0,0,0,0,0,0,0,0,0,0,0,0,0
PK-1066,Nurpur Butter 200g,Grocery & Food Items,Beverages,NURBT200,Unit,122,20,80,30500,340,In Stock,20,5,18,17,22,6,19,15,0,0,0,0,0,0,0,0,0,0,0,0,0,0,0,0,0,0,0,0,0,0
PK-1067,Olpers Full Cream Milk 1L,Grocery & Food Items,Dairy & Frozen,OLFCM,Unit,64,40,200,11840,245,In Stock,20,15,17,12,0,0,0,0,0,0,0,0,0,0,0,0,0,0,0,0,0,0,0,0,0,0,0,0,0,0
PK-1068,Nestle Everyday Milk Powder 1kg,Grocery & Food Items,Dairy & Frozen,NESEDAY,Unit,148,10,40,177600,"1,550.00",In Stock,18,13,7,24,13,12,19,15,18,8,1,0,0,0,0,0,0,0,0,0,0,0,0,0,0,0,0,0,0,0
PK-1069,Haleeb Milk 1L,Grocery & Food Items,Dairy & Frozen,HLBMK,Unit,65,40,200,11700,240,In Stock,11,7,24,23,0,0,0,0,0,0,0,0,0,0,0,0,0,0,0,0,0,0,0,0,0,0,0,0,0,0
PK-1070,Sapphire Yogurt 1kg,Grocery & Food Items,Dairy & Frozen,SAPPYG,Unit,43,20,80,12040,380,In Stock,16,9,17,1,0,0,0,0,0,0,0,0,0,0,0,0,0,0,0,0,0,0,0,0,0,0,0,0,0,0
PK-1071,Yummy Cheddar Slice 200g,Grocery & Food Items,Dairy & Frozen,YUMCHD,Unit,47,15,60,16450,480,In Stock,14,7,11,15,0,0,0,0,0,0,0,0,0,0,0,0,0,0,0,0,0,0,0,0,0,0,0,0,0,0
PK-1072,K&N's Chicken Nuggets 500g,Grocery & Food Items,Dairy & Frozen,KNCNG500,Unit,47,15,60,31960,900,In Stock,19,13,15,0,0,0,0,0,0,0,0,0,0,0,0,0,0,0,0,0,0,0,0,0,0,0,0,0,0,0
PK-1073,K&N's Chicken Strips 400g,Grocery & Food Items,Dairy & Frozen,KNCST400,Unit,131,15,60,98250,980,In Stock,18,11,7,25,22,8,8,13,10,9,0,0,0,0,0,0,0,0,0,0,0,0,0,0,0,0,0,0,0,0
PK-1074,Dawn Croissant 6pcs,Grocery & Food Items,Dairy & Frozen,DWNCRS,Unit,72,20,80,20160,380,In Stock,13,16,27,14,2,0,0,0,0,0,0,0,0,0,0,0,0,0,0,0,0,0,0,0,0,0,0,0,0,0
PK-1075,Gul Ahmed Lawn Suit 3pc,Clothing & Textiles,Men's Wear,GALWN3,Unit,107,10,30,128400,"1,800.00",In Stock,5,5,3,4,7,1,5,2,2,4,7,1,1,4,1,3,4,1,1,4,1,4,4,1,3,3,4,1,2,1
PK-1076,Almirah Men Kurta,Clothing & Textiles,Men's Wear,ALMKRT,Unit,57,10,30,85500,"2,200.00",In Stock,1,1,7,1,7,4,2,2,2,3,3,3,2,4,1,3,7,4,0,0,0,0,0,0,0,0,0,0,0,0
PK-1077,Khaadi Men Shalwar Kameez,Clothing & Textiles,Men's Wear,KHDSK,Unit,54,10,30,135000,"3,800.00",In Stock,3,1,1,1,3,4,2,4,4,4,4,6,4,2,2,3,1,5,0,0,0,0,0,0,0,0,0,0,0,0
PK-1078,J. Men Shirt,Clothing & Textiles,Men's Wear,JMSHRT,Unit,122,10,30,219600,"2,700.00",In Stock,2,3,3,6,6,5,1,5,3,3,4,6,5,5,5,3,6,3,3,3,5,1,3,4,6,3,3,3,5,5
PK-1079,Bonanza Men Sweater,Clothing & Textiles,Men's Wear,BNSSWT,Unit,94,5,20,206800,"3,200.00",In Stock,1,4,1,7,3,5,4,5,4,6,6,6,4,2,1,3,1,6,3,5,2,4,2,3,6,0,0,0,0,0
PK-1080,Men Denim Jeans 32,Clothing & Textiles,Men's Wear,MDNJNS32,Unit,110,10,30,154000,"2,100.00",In Stock,2,3,4,3,7,4,3,5,2,7,1,4,2,4,2,4,3,7,7,5,1,4,5,1,6,3,1,3,1,1
PK-1081,Men Denim Jeans 34,Clothing & Textiles,Men's Wear,MDNJNS34,Unit,76,10,30,106400,"2,100.00",In Stock,4,2,4,7,7,1,4,4,5,4,3,4,2,5,2,4,1,1,7,4,1,0,0,0,0,0,0,0,0,0
PK-1082,Men Formal Trouser,Clothing & Textiles,Men's Wear,MFRTRS,Unit,130,10,30,208000,"2,400.00",In Stock,4,1,1,6,6,1,3,5,5,6,7,1,1,4,4,4,4,7,6,2,2,1,5,6,3,7,1,3,5,5
PK-1083,Men Polo T-Shirt,Clothing & Textiles,Men's Wear,MPTSHRT,Unit,97,15,40,63050,"1,000.00",In Stock,3,5,1,1,4,4,2,4,5,3,4,4,2,1,2,5,1,4,3,4,4,5,4,3,3,6,2,5,1,2
PK-1084,Men Sports Shorts,Clothing & Textiles,Men's Wear,MSPSHRT,Unit,97,15,40,67900,"1,100.00",In Stock,5,2,1,3,4,2,2,2,1,3,1,6,3,1,4,1,1,4,7,5,1,2,4,3,3,1,1,1,1,5
PK-1085,Gul Ahmed Summer Collection 3pc,Clothing & Textiles,Women's Wear,GALSC3,Unit,77,10,25,138600,"2,800.00",In Stock,1,5,7,1,4,4,2,5,4,4,3,3,5,1,3,5,4,1,1,5,1,4,2,2,0,0,0,0,0,0
PK-1086,Sana Safinaz Ready-to-Wear,Clothing & Textiles,Women's Wear,SNSFRTW,Unit,120,5,15,540000,"6,800.00",In Stock,3,4,7,1,1,1,1,3,4,3,4,4,2,2,1,3,7,3,3,4,5,5,2,1,6,7,2,5,4,4
PK-1087,Khaadi Pret Kurta,Clothing & Textiles,Women's Wear,KHDPRTKRT,Unit,95,8,20,209000,"3,400.00",In Stock,3,2,6,4,4,5,5,3,5,6,1,6,3,3,4,5,7,4,3,5,4,5,2,0,0,0,0,0,0,0
PK-1088,Maria B Lawn 3pc,Clothing & Textiles,Women's Wear,MBLWN3,Unit,79,8,20,252800,"5,000.00",In Stock,3,5,6,4,3,4,2,2,1,7,6,3,1,3,4,2,7,1,3,5,2,4,1,0,0,0,0,0,0,0
PK-1089,Nishat Linen Suit,Clothing & Textiles,Women's Wear,NSHLNN,Unit,132,8,20,369600,"4,200.00",In Stock,4,1,6,7,3,3,5,5,4,1,3,1,2,2,1,5,3,1,3,3,5,4,2,4,6,6,2,1,2,3
PK-1090,Zellbury Kurta Set,Clothing & Textiles,Women's Wear,ZLBKRT,Unit,35,10,25,52500,"2,300.00",In Stock,4,2,1,3,7,1,3,4,2,1,7,0,0,0,0,0,0,0,0,0,0,0,0,0,0,0,0,0,0,0
PK-1091,Women Capri Pants,Clothing & Textiles,Women's Wear,WCPRI,Unit,40,15,40,32000,"1,250.00",In Stock,1,5,4,6,4,2,1,5,5,1,1,3,2,0,0,0,0,0,0,0,0,0,0,0,0,0,0,0,0,0
PK-1092,Women Cardigan,Clothing & Textiles,Women's Wear,WCRDGN,Unit,75,10,25,112500,"2,400.00",In Stock,5,2,4,3,7,1,1,3,4,4,6,3,2,5,4,5,1,6,4,1,1,3,0,0,0,0,0,0,0,0
PK-1093,Women Abaya Plain,Clothing & Textiles,Women's Wear,WABPLN,Unit,135,8,20,243000,"2,700.00",In Stock,1,4,7,1,6,2,4,5,4,4,7,3,3,4,5,2,4,3,6,2,1,3,2,6,6,3,4,5,5,5
PK-1094,Women Dupatta Lawn,Clothing & Textiles,Women's Wear,WDPLWN,Unit,82,20,60,41000,800,In Stock,1,2,1,6,1,4,4,3,5,6,4,7,4,4,1,1,7,6,3,1,5,4,2,0,0,0,0,0,0,0
PK-1095,Bata Men Leather Shoes,Clothing & Textiles,Footwear,BATMS,Unit,5,5,15,17500,"5,200.00",In Stock,2,3,0,0,0,0,0,0,0,0,0,0,0,0,0,0,0,0,0,0,0,0,0,0,0,0,0,0,0,0
PK-1096,Bata Women Pumps,Clothing & Textiles,Footwear,BATWS,Unit,48,5,15,134400,"4,200.00",In Stock,4,1,3,7,3,1,5,2,3,1,1,1,3,3,4,2,4,0,0,0,0,0,0,0,0,0,0,0,0,0
PK-1097,Servis Men Sandals,Clothing & Textiles,Footwear,SRVMS,Unit,30,10,20,36000,"1,900.00",In Stock,2,3,4,6,7,4,2,2,0,0,0,0,0,0,0,0,0,0,0,0,0,0,0,0,0,0,0,0,0,0
PK-1098,Servis School Shoes,Clothing & Textiles,Footwear,SRVSS,Unit,85,8,20,127500,"2,300.00",In Stock,1,2,3,7,4,2,3,4,1,7,4,3,3,2,3,2,6,3,3,1,2,1,5,1,6,1,5,0,0,0
PK-1099,Nike Air Max (Replica),Clothing & Textiles,Footwear,NKAM,Unit,143,5,10,543400,"6,000.00",In Stock,4,3,4,1,1,5,5,2,5,3,6,1,4,5,4,4,6,7,6,2,5,4,5,4,3,6,3,3,5,3
PK-1100,Stylo Women Heels,Clothing & Textiles,Footwear,STYWH,Unit,8,5,15,17600,"3,400.00",In Stock,2,2,1,3,0,0,0,0,0,0,0,0,0,0,0,0,0,0,0,0,0,0,0,0,0,0,0,0,0,0
PK-1101,Metro Men Casual,Clothing & Textiles,Footwear,MTRMC,Unit,148,8,20,266400,"2,800.00",In Stock,3,2,7,1,4,1,3,5,1,6,4,6,1,4,4,1,7,6,6,5,4,4,4,3,7,6,5,3,3,4
PK-1102,Hush Puppies Loafers,Clothing & Textiles,Footwear,HPLF,Unit,141,5,10,592200,"6,500.00",In Stock,5,5,7,3,4,5,5,2,2,7,1,7,5,2,2,5,7,7,3,5,5,4,1,4,1,6,3,5,4,5
PK-1103,Lawn Fabric per meter,Clothing & Textiles,Fabric & Accessories,LWNFBR,Unit,64,20,100,16000,380,In Stock,2,4,3,6,6,2,3,1,5,6,7,3,5,2,5,1,1,1,1,0,0,0,0,0,0,0,0,0,0,0
PK-1104,Chiffon Fabric per meter,Clothing & Textiles,Fabric & Accessories,CHFFN,Unit,100,20,100,35000,520,In Stock,1,1,3,6,7,1,2,2,2,6,7,6,3,2,3,1,1,6,7,3,5,4,1,7,7,1,3,1,1,0
PK-1105,Cotton Fabric per meter,Clothing & Textiles,Fabric & Accessories,CTNFBR,Unit,136,20,100,27200,310,In Stock,3,3,1,7,6,5,2,4,3,6,4,4,4,3,3,2,7,7,3,4,1,1,1,3,3,4,1,4,4,1
PK-1106,Silk Fabric per meter,Clothing & Textiles,Fabric & Accessories,SLKFBR,Unit,9,10,40,6300,"1,050.00",Low Stock,1,1,3,3,1,0,0,0,0,0,0,0,0,0,0,0,0,0,0,0,0,0,0,0,0,0,0,0,0,0
PK-1107,Ladies Handbag,Clothing & Textiles,Fabric & Accessories,LHDBG,Unit,113,5,15,135600,"1,900.00",In Stock,5,4,6,4,3,5,5,4,2,4,3,1,2,1,1,3,6,3,1,2,4,4,5,6,4,1,5,3,2,1
PK-1108,Men Leather Belt,Clothing & Textiles,Fabric & Accessories,MLBLT,Unit,1,10,30,600,950,Low Stock,1,0,0,0,0,0,0,0,0,0,0,0,0,0,0,0,0,0,0,0,0,0,0,0,0,0,0,0,0,0
PK-1109,Ladies Scarf,Clothing & Textiles,Fabric & Accessories,LDSCRF,Unit,36,20,60,14400,650,In Stock,1,2,7,7,7,4,3,3,1,1,0,0,0,0,0,0,0,0,0,0,0,0,0,0,0,0,0,0,0,0
PK-1110,Men Necktie,Clothing & Textiles,Fabric & Accessories,MNTIE,Unit,127,10,30,69850,900,In Stock,5,5,3,3,7,5,4,3,2,4,6,7,3,5,5,1,4,4,7,4,1,5,2,3,1,6,5,3,1,4
PK-1111,DG Khan Cement 50kg,Construction & Hardware,Cement & Building Materials,DGKCEM,Unit,95,50,200,80750,"1,050.00",In Stock,8,0,0,7,0,0,1,1,0,3,0,0,1,0,3,0,0,0,0,7,4,0,2,7,10,8,4,0,7,0
PK-1112,Lucky Cement 50kg,Construction & Hardware,Cement & Building Materials,LKCEM,Unit,67,50,200,56280,"1,040.00",In Stock,0,0,3,0,0,0,0,0,4,10,8,0,0,0,4,0,6,1,3,1,0,0,0,0,0,6,0,7,6,0
PK-1113,Maple Leaf Cement 50kg,Construction & Hardware,Cement & Building Materials,MLCEM,Unit,112,50,200,94640,"1,045.00",In Stock,0,0,6,3,4,6,0,0,0,0,4,4,8,1,8,0,6,10,0,1,1,4,1,0,0,0,4,6,3,6
PK-1114,Red Brick (per 1000),Construction & Hardware,Cement & Building Materials,RDBRIK,Unit,132,10,50,1848000,"18,000.00",In Stock,8,7,7,1,0,4,0,0,2,10,10,11,0,8,0,4,0,0,0,0,7,8,3,0,0,1,5,2,6,0
PK-1115,Block 6 inch (per piece),Construction & Hardware,Cement & Building Materials,BLK6,Unit,35,20,100,1925,80,In Stock,0,2,4,8,0,0,2,0,2,0,3,0,5,0,7,0,0,0,2,0,0,0,0,0,0,0,0,0,0,0
PK-1116,River Sand per cubic ft,Construction & Hardware,Cement & Building Materials,RVSND,Unit,34,20,100,6120,250,In Stock,0,5,10,0,0,8,0,0,0,1,0,0,0,0,3,0,0,0,6,0,1,0,0,0,0,0,0,0,0,0
PK-1117,Crush Stone per cubic ft,Construction & Hardware,Cement & Building Materials,CRSHST,Unit,99,20,100,19800,280,In Stock,0,0,3,6,0,0,0,0,8,0,0,8,0,3,3,8,0,0,11,0,0,4,0,0,0,4,0,0,7,6
PK-1118,Steel Rod 10mm per kg,Construction & Hardware,Cement & Building Materials,STLRD10,Unit,135,100,500,35100,320,In Stock,0,6,0,0,7,0,0,0,0,7,0,1,0,0,0,3,0,0,11,0,0,2,4,0,7,3,7,3,0,0
PK-1119,ICI Dulux Weathershield 4L,Construction & Hardware,Paints & Finishes,ICIDWX4,Unit,18,5,20,68400,"5,000.00",In Stock,5,0,0,1,11,1,0,0,0,0,0,0,0,0,0,0,0,0,0,0,0,0,0,0,0,0,0,0,0,0
PK-1120,ICI Dulux Interior 4L,Construction & Hardware,Paints & Finishes,ICIDIN4,Unit,85,5,20,238000,"3,800.00",In Stock,0,7,6,11,11,0,0,0,7,1,8,0,0,1,0,0,1,0,4,8,6,0,0,8,0,0,6,0,0,0
PK-1121,Berger WeatherCoat 4L,Construction & Hardware,Paints & Finishes,BRGWC4,Unit,6,5,20,21600,"4,800.00",In Stock,0,0,6,0,0,0,0,0,0,0,0,0,0,0,0,0,0,0,0,0,0,0,0,0,0,0,0,0,0,0
PK-1122,Nippon Paint 4L,Construction & Hardware,Paints & Finishes,NIPN4,Unit,49,5,20,156800,"4,400.00",In Stock,0,0,0,0,0,0,0,0,0,0,0,11,0,0,6,1,0,4,1,6,0,4,0,0,0,0,7,0,0,4
PK-1123,Wall Putty 20kg,Construction & Hardware,Paints & Finishes,WLPTY20,Unit,104,10,40,124800,"1,600.00",In Stock,0,0,0,0,6,4,5,0,3,0,0,0,0,4,0,0,4,0,11,0,1,0,7,6,7,0,8,0,0,0
PK-1124,Primer 4L,Construction & Hardware,Paints & Finishes,PRMR4,Unit,147,8,30,220500,"2,100.00",In Stock,0,1,7,0,11,2,0,1,0,0,6,7,0,0,8,4,10,0,0,0,6,8,1,0,0,0,0,8,0,0
PK-1125,Enamel Paint 1L,Construction & Hardware,Paints & Finishes,ENMPNT1,Unit,121,10,40,90750,"1,050.00",In Stock,6,8,6,0,0,5,5,0,0,0,0,8,7,4,0,6,0,0,10,4,0,3,7,7,0,4,0,0,1,0
PK-1126,CPVC Pipe 1/2 inch,Construction & Hardware,Plumbing & Electrical,CPVCP12,Unit,0,20,100,0,250,Low Stock,0,0,0,0,0,0,0,0,0,0,0,0,0,0,0,0,0,0,0,0,0,0,0,0,0,0,0,0,0,0
PK-1127,CPVC Pipe 3/4 inch,Construction & Hardware,Plumbing & Electrical,CPVCP34,Unit,36,20,100,9000,340,In Stock,0,2,0,0,0,0,0,0,7,0,7,0,1,0,0,0,0,4,1,2,0,8,0,0,0,4,0,0,0,0
PK-1128,Ball Valve 1/2 inch,Construction & Hardware,Plumbing & Electrical,BLVLV12,Unit,108,20,80,23760,320,In Stock,0,3,0,0,0,8,7,8,0,0,3,0,0,7,0,0,11,0,6,0,0,1,5,11,0,0,3,3,2,6
PK-1129,Water Pump 0.5HP,Construction & Hardware,Plumbing & Electrical,WTPMP05,Unit,16,3,10,192000,"16,000.00",In Stock,0,0,7,0,6,3,0,0,0,0,0,0,0,0,0,0,0,0,0,0,0,0,0,0,0,0,0,0,0,0
PK-1130,Electric Wire 2.5mm (per m),Construction & Hardware,Plumbing & Electrical,EWIRE25,Unit,97,50,200,4365,65,In Stock,2,0,0,10,1,8,0,0,0,0,7,0,2,0,0,5,6,4,0,4,0,0,2,0,1,0,6,0,0,5
PK-1131,Electric Wire 4mm (per m),Construction & Hardware,Plumbing & Electrical,EWIRE4,Unit,63,50,200,4095,95,In Stock,5,0,0,11,0,0,7,0,3,0,11,8,6,3,0,4,0,0,5,0,0,0,0,0,0,0,0,0,0,0
PK-1132,MCB 20A Single,Construction & Hardware,Plumbing & Electrical,MCB20S,Unit,74,20,80,33300,650,In Stock,0,0,4,0,0,0,0,0,3,0,0,0,0,0,5,1,11,8,7,0,0,0,8,0,4,0,6,0,0,3
PK-1133,LED Downlight 7W,Construction & Hardware,Plumbing & Electrical,LEDDN7,Unit,76,20,100,13680,280,In Stock,1,0,0,3,0,7,4,0,0,11,0,0,0,0,0,7,0,11,0,3,3,0,0,0,4,0,8,2,0,0
PK-1134,LED Bulb 12W,Construction & Hardware,Plumbing & Electrical,LEDBL12,Unit,3,30,150,360,190,Low Stock,2,0,0,1,0,0,0,0,0,0,0,0,0,0,0,0,0,0,0,0,0,0,0,0,0,0,0,0,0,0
PK-1135,"Fan Ceiling 56""",Construction & Hardware,Plumbing & Electrical,FANC56,Unit,80,5,20,256000,"4,500.00",In Stock,8,8,4,10,0,1,5,0,1,0,10,0,2,0,0,0,0,0,7,0,0,0,7,0,10,3,0,0,1,3
PK-1136,Stanley Hammer,Construction & Hardware,Tools & Hardware,STLHMR,Unit,87,5,20,73950,"1,200.00",In Stock,5,8,0,0,0,0,4,0,3,0,1,0,4,0,0,6,6,0,10,0,3,0,0,7,0,0,0,0,0,0
PK-1137,Drill Machine 13mm,Construction & Hardware,Tools & Hardware,DRLM13,Unit,0,3,10,0,"6,200.00",Low Stock,0,0,0,0,0,0,0,0,0,0,0,0,0,0,0,0,0,0,0,0,0,0,0,0,0,0,0,0,0,0
PK-1138,Measuring Tape 5m,Construction & Hardware,Tools & Hardware,MSTPE5,Unit,122,10,40,42700,520,In Stock,0,0,0,8,0,0,7,8,4,10,0,7,2,1,0,0,0,0,0,1,7,3,4,6,0,6,3,1,0,0
PK-1139,Screw Set 100pcs,Construction & Hardware,Tools & Hardware,SCRWST,Unit,114,10,40,51300,680,In Stock,0,2,7,0,0,0,0,3,1,0,7,0,0,0,0,4,1,0,0,5,7,0,6,11,1,0,1,8,0,0
PK-1140,Wrench Set 8pcs,Construction & Hardware,Tools & Hardware,WRNCH8,Unit,25,5,20,45000,"2,600.00",In Stock,0,0,0,0,0,0,5,4,0,0,0,0,0,4,2,0,10,0,0,0,0,0,0,0,0,0,0,0,0,0
PK-1141,Paint Brush Set 5pcs,Construction & Hardware,Tools & Hardware,PNTBRSH5,Unit,91,10,40,54600,900,In Stock,0,0,0,1,3,2,0,0,3,7,0,0,3,1,0,6,0,0,0,1,0,0,8,3,3,7,0,0,0,0
PK-1142,Safety Gloves,Construction & Hardware,Tools & Hardware,SFGLV,Unit,125,10,50,35000,420,In Stock,0,0,10,8,0,0,0,0,3,0,0,8,4,0,0,0,0,0,1,0,6,0,0,4,0,1,0,0,0,0
PK-1143,Safety Helmet,Construction & Hardware,Tools & Hardware,SFHLMT,Unit,122,10,40,54900,680,In Stock,8,0,8,0,0,8,0,0,0,0,0,6,3,2,2,0,0,4,4,0,4,8,0,0,0,0,0,0,6,0
PK-1144,Panadol Extra 20tabs,Pharmaceuticals & Health,OTC Medicines,PNDLEX20,Unit,146,30,150,12410,120,In Stock,2,8,3,4,7,5,6,3,5,3,4,3,5,5,8,10,14,8,3,2,7,3,9,14,5,0,0,0,0,0
PK-1145,Panadol CF 10tabs,Pharmaceuticals & Health,OTC Medicines,PNDLCF10,Unit,45,30,150,3150,100,In Stock,6,9,6,8,6,4,4,2,0,0,0,0,0,0,0,0,0,0,0,0,0,0,0,0,0,0,0,0,0,0
PK-1146,Brufen 400mg 10tabs,Pharmaceuticals & Health,OTC Medicines,BRFN400,Unit,30,30,150,2850,135,In Stock,8,8,13,1,0,0,0,0,0,0,0,0,0,0,0,0,0,0,0,0,0,0,0,0,0,0,0,0,0,0
PK-1147,Disprin 10tabs,Pharmaceuticals & Health,OTC Medicines,DSPRN10,Unit,62,30,150,2790,70,In Stock,6,5,11,7,4,5,9,10,4,1,0,0,0,0,0,0,0,0,0,0,0,0,0,0,0,0,0,0,0,0
PK-1148,ORS Sachets x10,Pharmaceuticals & Health,OTC Medicines,ORSSCHT,Unit,85,30,150,10200,175,In Stock,10,5,6,8,3,4,9,9,5,4,13,9,0,0,0,0,0,0,0,0,0,0,0,0,0,0,0,0,0,0
PK-1149,Vitamin C 500mg x30,Pharmaceuticals & Health,OTC Medicines,VTMC500,Unit,123,15,60,43050,520,In Stock,5,4,4,14,3,8,6,9,5,11,8,8,10,10,10,7,1,0,0,0,0,0,0,0,0,0,0,0,0,0
PK-1150,Omeprazole 20mg x14,Pharmaceuticals & Health,OTC Medicines,OMEPZ20,Unit,99,20,80,17820,260,In Stock,6,10,13,11,11,7,6,5,4,6,10,7,3,0,0,0,0,0,0,0,0,0,0,0,0,0,0,0,0,0
PK-1151,Antacid 100ml Syrup,Pharmaceuticals & Health,OTC Medicines,ANTACD,Unit,27,20,80,3915,210,In Stock,4,5,14,4,0,0,0,0,0,0,0,0,0,0,0,0,0,0,0,0,0,0,0,0,0,0,0,0,0,0
PK-1152,Cough Syrup 100ml,Pharmaceuticals & Health,OTC Medicines,CGHSRP,Unit,49,20,80,8085,240,In Stock,8,3,8,14,6,10,0,0,0,0,0,0,0,0,0,0,0,0,0,0,0,0,0,0,0,0,0,0,0,0
PK-1153,Eye Drops 10ml,Pharmaceuticals & Health,OTC Medicines,EYEDRP,Unit,51,20,80,7395,215,In Stock,7,5,11,13,10,5,0,0,0,0,0,0,0,0,0,0,0,0,0,0,0,0,0,0,0,0,0,0,0,0
PK-1154,Surgical Mask Box 50pcs,Pharmaceuticals & Health,Surgical & Medical Supplies,SRGMSK50,Unit,122,10,50,46360,580,In Stock,7,6,13,3,11,3,10,2,7,14,3,7,5,10,6,6,9,0,0,0,0,0,0,0,0,0,0,0,0,0
PK-1155,Latex Gloves M Box 100,Pharmaceuticals & Health,Surgical & Medical Supplies,LTXGLVM,Unit,24,10,50,13200,820,In Stock,2,2,14,6,0,0,0,0,0,0,0,0,0,0,0,0,0,0,0,0,0,0,0,0,0,0,0,0,0,0
PK-1156,Bandage Roll 5cm,Pharmaceuticals & Health,Surgical & Medical Supplies,BNDGRL5,Unit,27,20,80,2295,130,In Stock,5,2,14,6,0,0,0,0,0,0,0,0,0,0,0,0,0,0,0,0,0,0,0,0,0,0,0,0,0,0
PK-1157,Antiseptic Dettol 500ml,Pharmaceuticals & Health,Surgical & Medical Supplies,DETTOL500,Unit,101,10,40,38380,550,In Stock,3,9,11,10,3,8,8,10,2,4,14,14,5,0,0,0,0,0,0,0,0,0,0,0,0,0,0,0,0,0
PK-1158,Cotton 100g,Pharmaceuticals & Health,Surgical & Medical Supplies,CTTON100,Unit,29,20,80,3480,180,In Stock,7,5,7,8,2,0,0,0,0,0,0,0,0,0,0,0,0,0,0,0,0,0,0,0,0,0,0,0,0,0
PK-1159,BP Apparatus Digital,Pharmaceuticals & Health,Surgical & Medical Supplies,BPAPD,Unit,44,3,10,123200,"4,200.00",In Stock,2,2,11,3,3,4,5,5,3,3,3,0,0,0,0,0,0,0,0,0,0,0,0,0,0,0,0,0,0,0
PK-1160,Thermometer Digital,Pharmaceuticals & Health,Surgical & Medical Supplies,THRMD,Unit,40,5,20,26000,"1,000.00",In Stock,5,4,13,3,4,8,3,0,0,0,0,0,0,0,0,0,0,0,0,0,0,0,0,0,0,0,0,0,0,0
PK-1161,Glucometer,Pharmaceuticals & Health,Surgical & Medical Supplies,GLCMTR,Unit,132,3,10,462000,"5,200.00",In Stock,9,4,10,14,3,2,9,4,6,3,8,10,9,4,4,10,7,7,9,0,0,0,0,0,0,0,0,0,0,0
PK-1162,Head & Shoulders 400ml,Pharmaceuticals & Health,Personal Care,HDSHLD400,Unit,88,10,40,66000,"1,050.00",In Stock,3,9,10,6,14,6,9,8,9,11,3,0,0,0,0,0,0,0,0,0,0,0,0,0,0,0,0,0,0,0
PK-1163,Pantene Shampoo 400ml,Pharmaceuticals & Health,Personal Care,PNTN400,Unit,5,10,40,3400,950,Low Stock,3,2,0,0,0,0,0,0,0,0,0,0,0,0,0,0,0,0,0,0,0,0,0,0,0,0,0,0,0,0
PK-1164,Safeguard Soap 175g,Pharmaceuticals & Health,Personal Care,SFGRD175,Unit,144,20,80,17280,175,In Stock,4,4,4,7,13,2,2,6,6,3,10,3,6,10,6,7,13,3,4,10,4,7,6,4,0,0,0,0,0,0
PK-1165,Dove Body Wash 400ml,Pharmaceuticals & Health,Personal Care,DVEBW400,Unit,42,8,30,28560,980,In Stock,8,5,3,7,10,8,1,0,0,0,0,0,0,0,0,0,0,0,0,0,0,0,0,0,0,0,0,0,0,0
PK-1166,Colgate Toothpaste 150g,Pharmaceuticals & Health,Personal Care,COLGTP150,Unit,95,20,80,20900,310,In Stock,8,4,10,13,7,9,3,10,10,13,3,4,1,0,0,0,0,0,0,0,0,0,0,0,0,0,0,0,0,0
PK-1167,Close-Up Toothpaste 150g,Pharmaceuticals & Health,Personal Care,CLOSEUP,Unit,132,20,80,26400,290,In Stock,6,10,8,4,7,10,2,2,8,6,4,14,4,3,9,7,10,11,7,0,0,0,0,0,0,0,0,0,0,0
PK-1168,Gillette Mach3 Blades 4pk,Pharmaceuticals & Health,Personal Care,GLTM34,Unit,136,10,40,102000,"1,100.00",In Stock,7,5,14,10,7,4,5,4,3,8,4,10,4,7,10,2,10,14,7,1,0,0,0,0,0,0,0,0,0,0
PK-1169,Vaseline Petroleum Jelly 250ml,Pharmaceuticals & Health,Personal Care,VSLN250,Unit,77,15,60,29260,540,In Stock,5,2,6,14,8,7,4,6,9,10,6,0,0,0,0,0,0,0,0,0,0,0,0,0,0,0,0,0,0,0
PK-1170,Dettol Liquid Soap 250ml,Pharmaceuticals & Health,Personal Care,DTTLSOP,Unit,48,15,60,15360,470,In Stock,3,10,3,3,7,8,2,10,2,0,0,0,0,0,0,0,0,0,0,0,0,0,0,0,0,0,0,0,0,0
PK-1171,Garnier Face Wash 100ml,Pharmaceuticals & Health,Personal Care,GRNRFW,Unit,89,10,40,48950,800,In Stock,4,2,7,14,10,7,2,3,7,4,6,7,6,10,0,0,0,0,0,0,0,0,0,0,0,0,0,0,0,0
PK-1172,A4 Paper Ream 500 sheets,Stationery & Office Supplies,Paper & Notebooks,A4PRM,Unit,38,10,50,41800,"1,550.00",In Stock,12,4,15,7,0,0,0,0,0,0,0,0,0,0,0,0,0,0,0,0,0,0,0,0,0,0,0,0,0,0
PK-1173,Spiral Notebook A4,Stationery & Office Supplies,Paper & Notebooks,SPNBA4,Unit,147,20,100,26460,270,In Stock,11,10,4,11,17,1,11,9,9,14,3,6,8,7,1,5,10,6,1,3,0,0,0,0,0,0,0,0,0,0
PK-1174,Register 200 pages,Stationery & Office Supplies,Paper & Notebooks,REGSTR,Unit,58,15,60,8700,225,In Stock,5,11,3,11,15,2,3,8,0,0,0,0,0,0,0,0,0,0,0,0,0,0,0,0,0,0,0,0,0,0
PK-1175,Carbon Copy Book,Stationery & Office Supplies,Paper & Notebooks,CRBNCPBK,Unit,49,15,60,8820,270,In Stock,1,11,3,10,14,2,6,2,0,0,0,0,0,0,0,0,0,0,0,0,0,0,0,0,0,0,0,0,0,0
PK-1176,Graph Paper 100 sheets,Stationery & Office Supplies,Paper & Notebooks,GRPHP100,Unit,35,10,40,13300,550,In Stock,4,11,11,4,5,0,0,0,0,0,0,0,0,0,0,0,0,0,0,0,0,0,0,0,0,0,0,0,0,0
PK-1177,Sticky Notes Pad 100,Stationery & Office Supplies,Paper & Notebooks,STKYNTS,Unit,36,20,80,4320,185,In Stock,6,1,10,11,8,0,0,0,0,0,0,0,0,0,0,0,0,0,0,0,0,0,0,0,0,0,0,0,0,0
PK-1178,Envelopes A4 Box 50,Stationery & Office Supplies,Paper & Notebooks,ENVLA4,Unit,113,10,40,36160,480,In Stock,8,3,14,1,13,6,11,9,7,1,17,17,1,5,0,0,0,0,0,0,0,0,0,0,0,0,0,0,0,0
PK-1179,Camlin Ballpen Box 10,Stationery & Office Supplies,Writing Instruments,CMLBP10,Unit,31,10,50,3720,185,In Stock,5,9,3,11,3,0,0,0,0,0,0,0,0,0,0,0,0,0,0,0,0,0,0,0,0,0,0,0,0,0
PK-1180,Pilot Ballpen 0.7mm,Stationery & Office Supplies,Writing Instruments,PLTBP07,Unit,56,20,100,2520,72,In Stock,5,2,14,15,15,5,0,0,0,0,0,0,0,0,0,0,0,0,0,0,0,0,0,0,0,0,0,0,0,0
PK-1181,Parker Pen Set,Stationery & Office Supplies,Writing Instruments,PARKR,Unit,82,5,20,123000,"2,400.00",In Stock,6,10,11,6,3,12,11,5,12,3,3,0,0,0,0,0,0,0,0,0,0,0,0,0,0,0,0,0,0,0
PK-1182,Marker Set 10 colors,Stationery & Office Supplies,Writing Instruments,MRKRST10,Unit,128,10,40,44800,540,In Stock,6,11,14,13,6,6,7,11,6,11,6,17,1,7,3,3,0,0,0,0,0,0,0,0,0,0,0,0,0,0
PK-1183,Highlighter Set 5pcs,Stationery & Office Supplies,Writing Instruments,HLGHTST5,Unit,36,15,60,10080,430,In Stock,2,9,1,8,8,5,3,0,0,0,0,0,0,0,0,0,0,0,0,0,0,0,0,0,0,0,0,0,0,0
PK-1184,Pencil HB Box 12,Stationery & Office Supplies,Writing Instruments,PNCLHB12,Unit,48,20,80,8640,280,In Stock,1,10,17,7,3,7,3,0,0,0,0,0,0,0,0,0,0,0,0,0,0,0,0,0,0,0,0,0,0,0
PK-1185,Eraser Staedtler x2,Stationery & Office Supplies,Writing Instruments,ERSRST,Unit,42,30,100,2100,80,In Stock,4,3,4,6,7,1,4,12,1,0,0,0,0,0,0,0,0,0,0,0,0,0,0,0,0,0,0,0,0,0
PK-1186,Stapler Full Strip,Stationery & Office Supplies,Office Equipment,STPLR,Unit,77,5,20,50050,980,In Stock,11,8,14,10,13,5,10,4,2,0,0,0,0,0,0,0,0,0,0,0,0,0,0,0,0,0,0,0,0,0
PK-1187,Staples Box 1000,Stationery & Office Supplies,Office Equipment,STPLS1K,Unit,106,10,50,12720,190,In Stock,9,7,10,7,6,10,1,10,10,10,1,1,5,9,6,3,1,0,0,0,0,0,0,0,0,0,0,0,0,0
PK-1188,Hole Punch 2-Hole,Stationery & Office Supplies,Office Equipment,HLPNCH,Unit,51,5,20,28050,830,In Stock,7,6,13,8,7,10,0,0,0,0,0,0,0,0,0,0,0,0,0,0,0,0,0,0,0,0,0,0,0,0
PK-1189,Scissors Large,Stationery & Office Supplies,Office Equipment,SCSSRL,Unit,73,10,40,20440,430,In Stock,7,1,17,10,4,9,6,9,5,5,0,0,0,0,0,0,0,0,0,0,0,0,0,0,0,0,0,0,0,0
PK-1190,Tape Dispenser,Stationery & Office Supplies,Office Equipment,TPDSPS,Unit,6,10,40,2280,580,Low Stock,4,2,0,0,0,0,0,0,0,0,0,0,0,0,0,0,0,0,0,0,0,0,0,0,0,0,0,0,0,0
PK-1191,File Folder A4,Stationery & Office Supplies,Office Equipment,FLFDR,Unit,106,20,100,9010,135,In Stock,1,7,11,7,3,5,6,12,2,8,8,1,1,11,10,3,10,0,0,0,0,0,0,0,0,0,0,0,0,0
PK-1192,Binder Clip 25mm Box,Stationery & Office Supplies,Office Equipment,BNDCLP25,Unit,74,10,50,8880,185,In Stock,10,12,4,6,3,9,10,12,8,0,0,0,0,0,0,0,0,0,0,0,0,0,0,0,0,0,0,0,0,0
PK-1193,Whiteboard Marker Set 4,Stationery & Office Supplies,Office Equipment,WBMKR4,Unit,1,15,60,250,390,Low Stock,1,0,0,0,0,0,0,0,0,0,0,0,0,0,0,0,0,0,0,0,0,0,0,0,0,0,0,0,0,0
PK-1194,Calculator Scientific,Stationery & Office Supplies,Office Equipment,CALCSC,Unit,102,5,20,183600,"2,700.00",In Stock,7,6,4,8,17,8,8,11,9,1,1,4,3,10,5,0,0,0,0,0,0,0,0,0,0,0,0,0,0,0
PK-1195,Castrol GTX 5W-30 4L,Automobiles & Accessories,Engine & Maintenance,CSTGTX4L,Unit,70,5,20,245000,"4,800.00",In Stock,0,2,1,0,0,0,1,0,0,0,0,0,2,0,1,0,0,0,0,0,0,0,2,1,0,0,0,0,0,4
PK-1196,Shell Helix 10W-40 4L,Automobiles & Accessories,Engine & Maintenance,SHHLX4L,Unit,30,5,20,96000,"4,500.00",In Stock,1,0,0,0,0,0,2,4,4,6,3,1,0,0,0,0,0,0,0,1,0,3,2,3,0,0,0,0,0,0
PK-1197,Total Quartz 5W-40 4L,Automobiles & Accessories,Engine & Maintenance,TTLQTZ4L,Unit,122,5,20,402600,"4,600.00",In Stock,0,4,0,0,0,3,0,0,3,0,0,0,4,0,0,0,6,0,1,4,0,1,2,0,0,0,0,0,0,0
PK-1198,NGK Spark Plug Set 4,Automobiles & Accessories,Engine & Maintenance,NGKSP4,Unit,69,5,20,82800,"1,750.00",In Stock,0,2,0,0,6,4,0,0,0,0,0,0,0,3,0,0,0,3,0,0,0,2,4,0,4,0,3,0,0,0
PK-1199,Bosch Oil Filter,Automobiles & Accessories,Engine & Maintenance,BSCHOFL,Unit,25,10,40,13750,800,In Stock,0,0,0,0,6,3,1,0,1,0,0,0,0,4,1,0,0,6,3,0,0,0,0,0,0,0,0,0,0,0
PK-1200,Air Filter Toyota Corolla,Automobiles & Accessories,Engine & Maintenance,AFRLYRC,Unit,107,10,40,69550,950,In Stock,0,0,0,0,0,0,0,3,3,1,6,0,0,0,4,0,3,6,0,0,3,0,3,0,0,0,0,0,0,0
PK-1201,Coolant 1L,Automobiles & Accessories,Engine & Maintenance,COOLNT1L,Unit,118,10,40,44840,560,In Stock,0,4,0,0,3,1,0,0,0,0,0,0,0,0,0,0,3,4,0,0,3,0,0,4,0,0,0,2,0,0
PK-1202,Brake Fluid DOT4 500ml,Automobiles & Accessories,Engine & Maintenance,BRFL500,Unit,142,10,40,45440,480,In Stock,0,4,0,4,0,0,0,0,0,0,0,1,0,0,3,0,3,0,3,4,0,2,0,1,0,0,3,3,3,2
PK-1203,General Tyre 175/70 R13,Automobiles & Accessories,Tyres & Batteries,GNLTYR,Unit,23,5,10,287500,"16,500.00",In Stock,0,0,0,0,0,4,3,1,0,0,4,0,0,3,0,2,4,2,0,0,0,0,0,0,0,0,0,0,0,0
PK-1204,Bridgestone 195/65 R15,Automobiles & Accessories,Tyres & Batteries,BRGSTN,Unit,120,4,8,1920000,"21,000.00",In Stock,0,4,0,6,6,2,2,1,1,1,6,6,4,3,3,4,0,6,0,0,3,4,0,4,0,4,4,2,0,0
PK-1205,Volta Battery 55Ah,Automobiles & Accessories,Tyres & Batteries,VLTBT55,Unit,19,3,8,266000,"18,500.00",In Stock,0,0,0,4,1,0,0,3,0,0,0,0,0,0,4,0,6,0,0,0,0,0,0,0,0,0,0,0,0,0
PK-1206,Exide Battery 65Ah,Automobiles & Accessories,Tyres & Batteries,EXDBT65,Unit,61,3,8,1006500,"21,500.00",In Stock,3,0,3,0,0,0,0,0,0,0,3,4,0,0,3,0,0,1,4,2,0,0,0,0,0,6,0,1,0,4
PK-1207,AGS Battery 40Ah,Automobiles & Accessories,Tyres & Batteries,AGSBT40,Unit,11,3,8,115500,"14,000.00",In Stock,0,0,3,0,0,0,0,4,0,3,0,0,0,0,1,0,0,0,0,0,0,0,0,0,0,0,0,0,0,0
PK-1208,Car Floor Mat Set 5pc,Automobiles & Accessories,Car Accessories,CFMTS5,Unit,143,10,30,257400,"2,700.00",In Stock,0,1,0,1,0,0,0,0,0,6,1,0,0,3,0,4,1,0,0,3,1,0,3,0,1,3,0,0,0,2
PK-1209,Car Seat Cover Full Set,Automobiles & Accessories,Car Accessories,CSCSFT,Unit,115,5,15,287500,"3,800.00",In Stock,1,0,0,0,4,1,0,0,0,1,0,6,0,0,0,0,4,1,6,0,4,0,3,6,0,3,0,0,0,0
PK-1210,Car Charger USB Dual,Automobiles & Accessories,Car Accessories,CCHRG,Unit,53,15,50,20140,600,In Stock,0,3,6,0,4,0,0,0,2,1,0,0,0,0,0,0,4,0,0,3,0,0,0,0,4,3,2,0,0,0
PK-1211,Air Freshener,Automobiles & Accessories,Car Accessories,ARFRSH,Unit,150,20,80,27000,290,In Stock,0,1,0,4,0,3,0,1,2,0,4,4,0,0,0,0,0,1,0,3,0,1,1,1,0,4,0,0,2,0
PK-1212,Windshield Wipers Set,Automobiles & Accessories,Car Accessories,WNSHWP,Unit,0,10,30,0,850,Low Stock,0,0,0,0,0,0,0,0,0,0,0,0,0,0,0,0,0,0,0,0,0,0,0,0,0,0,0,0,0,0
PK-1213,Parking Sensor Kit,Automobiles & Accessories,Car Accessories,PRKSNS,Unit,34,5,15,61200,"2,800.00",In Stock,3,0,0,6,0,3,0,2,4,1,0,4,0,2,1,0,4,4,0,0,0,0,0,0,0,0,0,0,0,0
PK-1214,Dashcam 1080p,Automobiles & Accessories,Car Accessories,DSHCM,Unit,29,3,10,159500,"8,000.00",In Stock,1,2,3,0,0,0,3,3,0,1,6,0,2,3,0,1,3,1,0,0,0,0,0,0,0,0,0,0,0,0
